Gericht,Zutaten,Schwierigkeitsgrad,Dauer,Bild,Anleitung
Haferflocken mit Beeren,"50g Haferflocken, 100g Beeren (z.B. Himbeeren, Blaubeeren), 200ml Milch oder Joghurt, 1 EL Honig",Sehr leicht,10 Minuten,https://www.edeka.de/media/01-rezeptbilder/rezeptbilder-i-p/rez-edeka-porridge-mit-beeren-rezept-i-p-1-1.jpg,1. Haferflocken in einer Schüssel mit Milch oder Joghurt vermengen. 2. Frische Beeren hinzufügen und mit Honig süßen. 3. Sofort servieren.
Avocado-Toast,"1 Avocado, 2 Scheiben Vollkornbrot, 1 Ei, Salz, Pfeffer",Leicht,5 Minuten,https://mesbrouillonsdecuisine.fr/wp-content/uploads/2021/09/IMG_5475.jpg,"1. Avocado halbieren, entkernen und das Fruchtfleisch auf Toastbrot streichen. 2. Ein Ei in einer Pfanne braten und auf die Avocado-Toast legen. 3. Mit Salz und Pfeffer würzen und servieren."
Joghurt mit Müsli und Früchten,"150g Naturjoghurt, 50g Müsli, 100g frische Früchte (z.B. Banane, Erdbeeren), 1 EL Honig",Sehr leicht,5 Minuten,https://kochclub.schuhbeck.de/wp-content/uploads/2017/05/knuspermuesli.jpg,1. Naturjoghurt in eine Schüssel geben. 2. Müsli und frische Früchte hinzufügen. 3. Nach Belieben mit Honig süßen und sofort genießen.
Omelett mit Gemüse,"3 Eier, 100g Gemüse (z.B. Paprika, Spinat), Salz, Pfeffer",Leicht,10 Minuten,https://www.paramediform.ch/app/uploads/2023/01/Gemueseomelette_gez-scaled-jpg-webp.webp,"1. Eier verquirlen und mit Salz und Pfeffer würzen. 2. Gemüse nach Wahl (z.B. Paprika, Spinat) in einer Pfanne anbraten. 3. Eier darüber gießen und stocken lassen. 4. Omelett vorsichtig falten und servieren."
Smoothie-Bowl,"200g gemischte gefrorene Früchte (z.B. Banane, Beeren), 150ml Mandelmilch, Toppings (z.B. Granola, Kokosraspeln)",Leicht,5 Minuten,https://zestysouthindiankitchen.com/wp-content/uploads/2019/02/Berry-smoothie-bowl-2.jpg,"1. Gefrorene Früchte und Mandelmilch in einen Mixer geben und cremig mixen. 2. In einer Schüssel anrichten und mit Toppings (z.B. Granola, Kokosraspeln) garnieren."
Pancakes mit Ahornsirup,"100g Mehl, 1 Ei, 150ml Milch, 1 EL Zucker, 1 TL Backpulver, Ahornsirup",Mittel,15 Minuten,https://www.grillfuerst.de/magazin/wp-content/uploads/2020/03/Pancake-Ahornsirup-scaled.jpg?v=1665135735,"1. Mehl, Eier, Milch, Zucker und Backpulver zu einem Teig verrühren. 2. Pancakes in einer Pfanne goldbraun backen und mit Ahornsirup servieren."
Chia-Pudding mit Früchten,"3 EL Chiasamen, 250ml Mandelmilch, 100g Früchte (z.B. Erdbeeren, Mango)",Sehr leicht,5 Minuten,https://www.foodtempel.de/wp-content/uploads/2023/03/Veganer-Chiapudding-mit-Erdbeeren-und-Mandeln.jpg,1. Chiasamen und Mandelmilch vermischen und über Nacht im Kühlschrank quellen lassen. 2. Am nächsten Morgen mit Früchten garnieren und genießen.
Lachs-Sandwich,"100g Räucherlachs, 50g Frischkäse, 1/2 Gurke, Dill, 2 Scheiben Vollkornbrot",Leicht,10 Minuten,https://snackconnection-marktplatz.de/wp-content/uploads/2023/02/Lachs-Gurken-Sandwich-c-123rf-azurita.jpg,"1. Räucherlachs, Frischkäse, Gurke und Dill auf Vollkornbrot schichten. 2. Mit etwas Zitrone beträufeln und servieren."
Acai-Bowl,"100g Acai-Püree, 1 Banane, 50g Beeren (z.B. Blaubeeren, Erdbeeren), 30g Granola, 1 EL Kokosraspeln",Leicht,5 Minuten,https://www.twopeasandtheirpod.com/wp-content/uploads/2023/06/Acai-Bowl-10.jpg,1. Acai-Püree in eine Schüssel geben. 2. Mit geschnittenen Bananen und Beeren belegen. 3. Mit Granola und Kokosraspeln toppen und sofort genießen.
Apfel-Nuss-Müsli,"50g Haferflocken, 30g gemischte Nüsse, 150g Joghurt, 1 Apfel, 1 EL Honig",Sehr leicht,5 Minuten,https://tribalance.de/cdn/shop/articles/tri.balance_Rezept-Tipp_Muesli.jpg?v=1700628257,"1. Haferflocken, Nüsse und Joghurt in eine Schüssel geben. 2. Apfel in Stücke schneiden und dazugeben. 3. Mit Honig süßen und gut durchmischen."
Räucherlachs mit Rührei,"100g Räucherlachs, 3 Eier, 2 Scheiben Vollkornbrot, Salz, Pfeffer",Leicht,10 Minuten,https://rezept-db.womenshealth.de/image/rezept-db/fullWidth/Ulrike-Holsten_RuehreiRaeucherlachs_800x462.jpg.webp,1. In einer Pfanne das Räucherlachs leicht erhitzen. 2. Eier darüber gießen und zu Rührei stocken lassen. 3. Auf Vollkornbrot anrichten und servieren.
Quinoa-Pfannkuchen mit Blaubeeren und Mandeln,"100g Quinoa-Mehl, 2 Eier, 150ml Milch (oder Mandelmilch), 50g Blaubeeren, 30g gehackte Mandeln, 1 EL Honig",Mittel,30 Minuten,https://images.eatsmarter.de/sites/default/files/styles/max_size/public/quinoa-pancakes-641304-1.jpg,"1. In einer Schüssel das Quinoa-Mehl, Eier und Milch zu einem glatten Teig verrühren. 2. Eine Pfanne leicht einfetten und erhitzen. Den Teig portionsweise in die Pfanne geben und Blaubeeren darauf streuen. 3. Von beiden Seiten goldbraun backen, bis die Pfannkuchen durchgegart sind. 4. Mit gehackten Mandeln bestreuen und mit Honig servieren."
Bircher Müsli mit Nüssen und Honig,"50g Haferflocken, 100g Joghurt, 50ml Milch, 1 Apfel, 30g gemischte Nüsse, 1 EL Honig",Mittel,10 Minuten,https://www.oma-kocht.de/wp-content/uploads/2022/03/bircher-musli.jpg,"1. Haferflocken, Joghurt, Milch, Apfelstücke, Nüsse und Honig in einer Schüssel mischen. 2. Über Nacht im Kühlschrank ziehen lassen und am nächsten Morgen mit frischen Früchten und Honig garnieren."
"Frittata mit Spargel, Tomaten und Avocado","4 Eier, 100g grüner Spargel, 50g Kirschtomaten, 1 Avocado, Salz, Pfeffer",Mittel,20 Minuten,https://www.koch-mit.de/app/uploads/2019/05/Gruene_Spargelfrittata.jpeg,"1. Eier verquirlen und mit Salz und Pfeffer würzen. 2. Spargel, Tomaten und Avocado in Stücke schneiden. 3. Eier darüber gießen und in der Pfanne stocken lassen. 4. Frittata aus der Pfanne nehmen und in Stücke schneiden."
"Bagel-Sandwich mit Ei, Schinken und Käse","1 Bagel, 2 Eier, 50g Schinken, 50g Käse, Salz, Pfeffer",Mittel,15 Minuten,https://media02.stockfood.com/largepreviews/Mzg0ODQwOTc1/12414225-Bagel-belegt-mit-Ei-Kaese-und-Speck.jpg,1. Bagel halbieren und leicht toasten. 2. Eier in einer Pfanne braten und auf den Bagel legen. 3. Schinken und Käse auf das Ei legen und den Bagel zuklappen. 4. Mit Salz und Pfeffer würzen und servieren.
Frühstücks-Burrito mit Gemüse und Salsa,"2 Tortillas, 100g Gemüse (z.B. Paprika, Zwiebeln), 50g Salsa, 1 Avocado",Mittel,15 Minuten,https://files.vegan-taste-week.de/1/Burrito-Wrap_Timolina_fotolia-1036x414.jpg,"1. Tortillas leicht erwärmen. 2. Gemüse in einer Pfanne anbraten und auf die Tortillas geben. 3. Salsa und Avocado hinzufügen, Tortillas aufrollen und servieren."
Vanille-Chia-Pudding mit frischem Obst,"3 EL Chiasamen, 250ml Mandelmilch, 1 TL Vanilleextrakt, 100g frisches Obst",Mittel,5 Minuten,https://media01.stockfood.com/largepreviews/NDE4MDI5Mjk2/13484816-Roesti-mit-pochierten-Eiern.jpg,1. Chiasamen mit Mandelmilch und Vanilleextrakt vermengen. 2. Über Nacht im Kühlschrank quellen lassen. 3. Am nächsten Morgen mit frischem Obst garnieren und servieren.
Bananen-Pancakes mit Beerenkompott,"100g Mehl, 1 reife Banane, 2 EL Erdnussbutter, 150ml Milch, 1 EL Honig, 100g gemischte Beeren",Mittel,20 Minuten,https://klaraslife.com/wp-content/uploads/2017/01/DSC01951.jpg,"1. Mehl, zerdrückte Banane, Erdnussbutter, Milch und Honig zu einem Teig verrühren. 2. Pancakes in einer Pfanne goldbraun backen. 3. Mit Beerenkompott und Honig servieren."
Rösti mit pochiertem Ei und Gemüse,"2 große Kartoffeln, 2 Eier, 1 Zwiebel, 1 Paprika, Salz, Pfeffer",Mittel,25 Minuten,https://media02.stockfood.com/largepreviews/NDE4MDI5Mjk2/13484816-Roesti-mit-pochierten-Eiern.jpg,1. Kartoffeln reiben und abtropfen lassen. 2. Zwiebel fein hacken. 3. Kartoffeln und Zwiebeln in einer Pfanne goldbraun braten. 4. Pochierte Eier zubereiten und auf den Rösti legen. 5. Mit Salz und Pfeffer würzen und servieren.
Tofu-Scramble mit schwarzen Bohnen und Avocado,"200g Tofu, 100g schwarze Bohnen, 1 Paprika, 1 Zwiebel, 2 Knoblauchzehen, Salz, Pfeffer, 2 Tortillas",Schwer,25 Minuten,https://www.lowcarb.de/files/styles/mainimage_normal/public/assets/image/2021/06/17/tofu-scramble_mit_avocado_portrait.jpg?itok=TcQj08iX&t=1632710627,"1. Tofu zerbröseln und in einer Pfanne anbraten. 2. Schwarze Bohnen, Paprika, Zwiebeln und Knoblauch hinzufügen. 3. Alles gut vermischen und mit Salz und Pfeffer würzen. 4. Auf Tortillas verteilen und mit Avocado servieren."
Hallo,"Erdbeere, Banane etc.",Leicht,30 Min,https://cdn.pixabay.com/photo/2018/02/12/10/45/heart-3147976_640.jpg,
